class_age,bad,good,bm
19-25,42.10526315789473,57.89473684210527,1.3750000000000002
26-35,29.64824120603015,70.35175879396985,2.3728813559322033
36-45,24.336283185840706,75.66371681415929,3.109090909090909
46-55,24.347826086956523,75.65217391304347,3.1071428571428568
>= 56,26.76056338028169,73.23943661971832,2.7368421052631584
